UNITID,INSTNM,control_label,predominant_degree_label,region_label,locale_label,dominant_program,default_rate_pct,net_price,completion_rate,PCTPELL,risk_score,risk_flag
442523,Alaska Christian College,Private nonprofit,Associate's,Far West,Rural,Humanities,2.3,5427.0,0.1163,0.7763,0.9991904761904761,1
481058,Grace Mission University,Private nonprofit,Bachelor's,Far West,Suburb,Social Science & Public Service,9.0,,0.0,0.19,0.9986538461538462,1
377272,Nuvani Institute,Private for-profit,Certificates,Southwest,City,Trades & Applied,2.1,,0.8649,0.9355,0.9984505718954249,1
199722,Southeastern Community College,Public,Associate's,Southeast,Rural,Humanities,7.1,4474.0,0.5102,0.4535,0.9983765262515262,1
198729,James Sprunt Community College,Public,Certificates,Southeast,Rural,Humanities,16.6,3852.0,0.3889,0.3833,0.9981860500610501,1
260363,Greene County Career and Technology Center,Public,Certificates,Mid East,Town,Health,2.1,18315.0,1.0,0.7333,0.9977247474747475,1
412535,Shawsheen Valley School of Practical Nursing,Public,Certificates,New England,Suburb,Health,2.1999999999999997,20676.0,1.0,0.4565,0.9972245564892622,1
216746,Welder Training and Testing Institute,Private for-profit,Certificates,Mid East,City,Trades & Applied,2.6,,0.9333,0.314,0.997176011264721,1
140678,North Georgia Technical College,Public,Certificates,Southeast,Rural,Trades & Applied,4.1000000000000005,4361.0,0.3669,0.4218,0.997094663506428,1
483850,Alliance Computing Solutions,Private for-profit,Certificates,Mid East,City,Health,4.2,,0.9091,0.25,0.9969837509077706,1
200554,United Tribes Technical College,Private nonprofit,Associate's,Plains,Suburb,Business,5.2,2010.0,,0.751,0.9965277777777779,1
444334,Advance Science International College,Private for-profit,Associate's,Southeast,Suburb,Health,2.0,,1.0,0.587,0.9963760683760684,1
190008,Circle in the Square Theatre School,Private nonprofit,Certificates,Mid East,City,Humanities,2.1999999999999997,29537.0,1.0,0.2326,0.9963638768638767,1
199324,Piedmont Community College,Public,Associate's,Southeast,Rural,Humanities,14.2,5215.0,0.4167,0.2861,0.9960584554334554,1
197966,Beaufort County Community College,Public,Associate's,Southeast,Rural,Humanities,4.8,5105.0,0.3625,0.3111,0.9960057798481711,1
460808,Integrated Massage Therapy Services,Private for-profit,Certificates,Rocky Mountains,Town,Health,2.7,,1.0,0.7692,0.9959127886002886,1
183804,Beth Medrash Govoha,Private nonprofit,Bachelor's,Mid East,City,STEM,6.2,,,0.7274,0.9958792419266558,1
481456,Bonnie Joseph Academy of Cosmetology & Barbering,Private for-profit,Certificates,Rocky Mountains,Town,Trades & Applied,5.800000000000001,,0.5333,0.2963,0.9957002566607138,1
458140,Northwest School of Wooden Boat Building,Private nonprofit,Associate's,Far West,Rural,Trades & Applied,2.7,25795.0,,0.3065,0.9956998981223119,1
490674,Manuel and Theresa's School of Hair Design,Private for-profit,Certificates,Southwest,Town,Trades & Applied,2.8000000000000003,,0.8333,0.4444,0.9956021529335097,1
420431,Oconee Fall Line Technical College,Public,Certificates,Southeast,Rural,Trades & Applied,2.7,294.0,0.4167,0.5206,0.9955912854030499,1
483957,Lawrence & Company College of Cosmetology,Private for-profit,Certificates,Far West,Town,Trades & Applied,3.9,,0.8235,0.2836,0.9952762005279536,1
417600,Hastings Beauty School,Private for-profit,Certificates,Plains,Town,Trades & Applied,2.8000000000000003,,0.6923,0.6538,0.9952111567522591,1
198640,Halifax Community College,Public,Associate's,Southeast,Rural,Health,7.6,4073.0,0.4138,0.3106,0.9950219581143492,1
457624,Southern Worcester County Regional Vocational School District,Public,Certificates,New England,Rural,Health,4.1000000000000005,32513.0,0.6667,0.3095,0.994996765788052,1
445780,Cosmetology School of Arts & Sciences,Private for-profit,Certificates,Rocky Mountains,Town,Trades & Applied,2.8000000000000003,,0.8333,0.8788,0.9949786116661119,1
207786,Southern School of Beauty Inc,Private for-profit,Certificates,Southwest,Town,Trades & Applied,2.5,,0.8,0.8,0.9948400050197717,1
417655,Warrensburg Area Career Center,Public,Certificates,Plains,Town,Health,3.3000000000000003,2106.0,0.7333,0.6842,0.9944701779701779,1
159531,Louisiana Academy of Beauty,Private for-profit,Certificates,Southeast,Town,Trades & Applied,3.5000000000000004,,0.8333,0.3721,0.9943942948391475,1
491473,Polytech Adult Education,Public,Certificates,Mid East,Suburb,Health,3.2,,1.0,0.0348,0.9940803030303031,1
108861,Berkeley School of Theology,Private nonprofit,Certificates,Far West,City,Social Science & Public Service,3.4000000000000004,,,0.0,0.9940424082090753,1
226134,Laredo College,Public,Associate's,Southwest,City,Humanities,10.0,5309.0,,0.3847,0.9940342190016103,1
417831,Union County Vocational Technical School,Public,Certificates,Mid East,Suburb,Trades & Applied,3.6999999999999997,8325.0,0.9634,0.2195,0.9939104384177914,1
175698,Fosters Cosmetology College,Private for-profit,Certificates,Southeast,Rural,Trades & Applied,2.0,,0.7826,0.9322,0.9935184675369438,1
480976,The Salon Professional Academy-Huntsville,Private for-profit,Certificates,Southeast,City,Trades & Applied,4.0,,0.8571,0.4805,0.9934574249548033,1
127954,Montessori Education Center of the Rockies,Private nonprofit,Certificates,Rocky Mountains,City,Education,2.3,13285.0,,0.1667,0.9932495948924032,1
475565,CUNY Stella and Charles Guttman Community College,Public,Associate's,Mid East,City,Humanities,2.1,5643.0,0.248,0.6318,0.9931805555555555,1
179991,Academy of Cosmetology Inc,Private for-profit,Certificates,Rocky Mountains,City,Trades & Applied,2.4,,0.9412,0.3696,0.9930533782934039,1
204963,Paramount Beauty Academy,Private for-profit,Certificates,Great Lakes,Town,Trades & Applied,2.6,,0.8485,0.5821,0.9928109615058147,1
198367,Craven Community College,Public,Associate's,Southeast,Town,Humanities,2.3,4402.0,0.4576,0.3426,0.992748602274918,1
449506,SABER College,Private nonprofit,Associate's,Southeast,City,Health,2.1999999999999997,10311.0,1.0,0.8305,0.9922997623291743,1
444468,Lawrenceburg Technical College,Private for-profit,Certificates,Southeast,Town,Trades & Applied,14.2,,0.7778,0.7826,0.9920769949823053,1
420723,Tillamook Bay Community College,Public,Associate's,Far West,Town,Humanities,2.1,4700.0,0.4255,0.1729,0.9917988668251824,1
374343,KC's School of Hair Design,Private for-profit,Certificates,Southeast,Rural,Trades & Applied,3.0,,0.7368,0.7674,0.9917080117889883,1
475705,Annenberg School of Nursing,Private nonprofit,Certificates,Far West,City,Health,3.0,20811.0,1.0,0.4762,0.9909758245694862,1
193609,Neighborhood Playhouse School of the Theater,Private nonprofit,Certificates,Mid East,City,Humanities,4.3,33096.0,1.0,0.125,0.9908154355176415,1
167039,Rob Roy Academy-New Bedford,Private for-profit,Certificates,New England,Suburb,Trades & Applied,2.8000000000000003,,0.8333,0.5652,0.9907249021886119,1
444228,LeGrand Institute of Cosmetology Inc,Private for-profit,Certificates,Southeast,Town,Trades & Applied,2.7,,0.6923,0.6905,0.990667834474354,1
188261,Mesalands Community College,Public,Certificates,Southwest,Town,STEM,4.9,10078.0,0.5676,0.1141,0.9906616617300827,1
206154,Tri-State Bible College,Private nonprofit,Associate's,Great Lakes,Suburb,STEM,3.5000000000000004,,,0.5238,0.990478655290775,1
363633,Luna Community College,Public,Associate's,Southwest,Rural,Health,5.2,7039.0,0.3868,0.2497,0.9903872528543581,1
368911,Southeastern Technical College,Public,Certificates,Southeast,Town,Health,10.0,6072.0,0.3409,0.3887,0.9903562121429765,1
228486,Southwestern Christian College,Private nonprofit,Associate's,Southwest,Town,Humanities,4.5,16870.0,,0.9057,0.9903034837782281,1
223117,Baptist Missionary Association Theological Seminary,Private nonprofit,Bachelor's,Southwest,Town,Social Science & Public Service,3.8,,,0.339,0.9897834951450147,1
126119,Yuba College,Public,Associate's,Far West,Suburb,Social Science & Public Service,2.5,3573.0,0.3225,0.2799,0.9896281033781031,1
447722,Palladium Technical Academy Inc,Private for-profit,Certificates,Far West,Suburb,Health,2.4,,0.8,0.898,0.9894559183275046,1
197337,Westchester School of Beauty Culture,Private for-profit,Certificates,Mid East,Suburb,Trades & Applied,3.1,,0.8333,0.5914,0.9890555780004309,1
436614,International Baptist College and Seminary,Private nonprofit,Bachelor's,Southwest,City,Social Science & Public Service,3.4000000000000004,16828.0,0.4286,0.3091,0.9886861688100723,1
375939,YTI Career Institute-Altoona,Private for-profit,Associate's,Mid East,Suburb,Health,2.6,,0.95,0.7284,0.9877428451178454,1
451547,Manuel and Theresa's School of Hair Design-Bryan,Private for-profit,Certificates,Southwest,City,Trades & Applied,2.8000000000000003,,0.9,0.7083,0.9874675646597294,1
105677,Roberto-Venn School of Luthiery,Private for-profit,Certificates,Southwest,City,Trades & Applied,2.0,,0.9091,0.1957,0.9868108567630626,1
486123,Theatre of Arts,Private for-profit,Associate's,Far West,City,Humanities,2.0,,0.5714,0.2564,0.9867991951355989,1
480879,Academy of Salon Professionals,Private for-profit,Certificates,Plains,Town,Trades & Applied,2.1,,0.6667,0.4894,0.986540839456913,1
457466,Profile Institute of Barber-Styling,Private for-profit,Certificates,Southeast,City,Trades & Applied,2.6,,0.8947,0.56,0.9864429235463391,1
407434,Orlo School of Hair Design and Cosmetology,Private for-profit,Certificates,Mid East,City,Trades & Applied,2.9000000000000004,,0.6739,0.3765,0.9861322473834264,1
159601,Opelousas School of Cosmetology,Private for-profit,Certificates,Southeast,Town,Trades & Applied,5.800000000000001,,0.0714,0.7917,0.9857822755070146,1
176451,Wesley Biblical Seminary,Private nonprofit,Graduate,Southeast,Suburb,STEM,2.1999999999999997,,,,0.9851427519920167,1
451255,DiGrigoli School of Cosmetology,Private for-profit,Certificates,New England,Suburb,Trades & Applied,2.4,,0.84,0.0865,0.9848998378165044,1
485573,Universal Healthcare Careers College,Private for-profit,Certificates,Far West,City,Health,2.0,,0.8873,0.5485,0.982923223615817,1
160579,SOWELA Technical Community College,Public,Certificates,Southeast,City,STEM,2.1,8861.0,0.4324,0.4177,0.9824467122440032,1
138956,Augusta Technical College,Public,Certificates,Southeast,City,Trades & Applied,4.1000000000000005,8509.0,0.3077,0.4234,0.9821487359976576,1
224013,BK Cosmo College of Cosmetology,Private for-profit,Certificates,Southwest,Town,Trades & Applied,3.2,,0.7143,0.7206,0.9820877765891889,1
233666,Staunton School of Cosmetology,Private for-profit,Certificates,Southeast,City,Trades & Applied,2.6,,0.7143,0.5313,0.981829005439806,1
486372,San Francisco Film School,Private for-profit,Certificates,Far West,City,Humanities,2.7,,0.2115,0.172,0.9815964276779294,1
457332,TIGI Hairdressing Academy Guilford,Private for-profit,Certificates,New England,Suburb,Trades & Applied,2.0,,0.75,0.3175,0.9815671440782677,1
146205,John A Logan College,Public,Associate's,Great Lakes,Town,Health,16.6,7599.0,0.4146,0.2916,0.9799702164095754,1
417062,Estes Institute of Cosmetology Arts and Science,Private for-profit,Certificates,Far West,City,Trades & Applied,2.0,,0.8,0.4632,0.9795579473882122,1
192004,Jamestown Business College,Private for-profit,Associate's,Mid East,Town,Business,3.6999999999999997,19567.0,,0.6864,0.9795536132371647,1
470296,Manuel and Theresa's School of Hair Design-Victoria,Private for-profit,Certificates,Southwest,City,Trades & Applied,2.8000000000000003,,0.7586,0.625,0.9790046605238909,1
484190,Park Place Premier Barber School,Private for-profit,Certificates,Southeast,City,Trades & Applied,3.0,,0.4375,0.8387,0.9788912853509383,1
391759,Sharp's Academy of Hairstyling,Private for-profit,Certificates,Great Lakes,Suburb,Trades & Applied,4.3,,,0.5625,0.9769430604181057,1
118958,Modern Beauty Academy,Private for-profit,Certificates,Far West,City,Trades & Applied,2.0,,0.6,0.2816,0.9769420475473122,1
441210,East Valley Institute of Technology,Public,Certificates,Southwest,City,Health,100.0,16847.0,0.6,0.1758,0.97687523000843,1
481298,Lawrence & Company College of Cosmetology,Private for-profit,Certificates,Far West,City,Trades & Applied,6.5,,0.175,0.4167,0.9767936595071478,1
484020,Beyond Measure Barbering Institute,Private for-profit,Certificates,Southeast,Suburb,Trades & Applied,3.1,,0.7647,0.9718,0.9764701416929588,1
490470,Massage Institute of Memphis,Private for-profit,Certificates,Southeast,City,Health,3.0,,0.8,0.7143,0.9745374048561611,1
423652,Oregon Coast Community College,Public,Associate's,Far West,Town,Health,3.9,11695.0,0.3095,0.3719,0.970425050749999,1
488262,Hair Academy School of Barbering & Beauty,Private for-profit,Certificates,Mid East,Suburb,Trades & Applied,2.1999999999999997,,0.4167,0.5313,0.9700562422354091,1
162335,Del-Mar-Va Beauty Academy,Private for-profit,Certificates,Mid East,City,Trades & Applied,2.3,,0.6,0.7465,0.9695851040633261,1
166045,Hebrew College,Private nonprofit,Graduate,New England,City,STEM,2.0,,,,0.9678096230775172,1
485607,Dolce The Academy,Private for-profit,Certificates,New England,City,Trades & Applied,2.4,,0.5217,0.4167,0.9675093409233549,1
449454,Academy of Natural Therapy Inc,Private for-profit,Certificates,Rocky Mountains,City,Health,2.0,,,0.5,0.965938238205304,1
488916,Alabama School of Nail Technology & Cosmetology,Private for-profit,Certificates,Southeast,Rural,Trades & Applied,4.1000000000000005,,0.9091,0.7934,0.9598050898386526,1
409591,Lorain County Joint Vocational School District,Public,Certificates,Great Lakes,Rural,Trades & Applied,3.0,11870.0,0.6364,0.2282,0.9552669163542248,1
220163,The Hair Academy LLC,Private for-profit,Certificates,Southeast,Town,Trades & Applied,2.9000000000000004,,0.6667,0.6122,0.9529361912625931,1
146807,Steven Papageorge Hair Academy,Private for-profit,Certificates,Great Lakes,City,Trades & Applied,2.6,,0.7,0.5256,0.9467232299515145,1
199838,Vance-Granville Community College,Public,Associate's,Southeast,Town,Humanities,0.0,4534.0,0.4724,0.3138,0.9466834114271186,1
486983,Paul Mitchell the School-Madison,Private for-profit,Certificates,Great Lakes,City,Trades & Applied,4.7,,0.4,0.597,0.9464102157185043,1
190080,Colgate Rochester Crozer Divinity School,Private nonprofit,Graduate,Mid East,City,STEM,4.5,,,,0.9421519081521431,1
246789,HJ International Graduate School for Peace and Public Leadership,Private nonprofit,Graduate,Mid East,City,STEM,3.2,,,,0.9409902919905271,1
491853,Princess Institute of Beauty,Private for-profit,Certificates,Far West,Town,Trades & Applied,0.0,,0.8571,0.5882,0.9406725355737452,1
203067,Hebrew Union College-Jewish Institute of Religion,Private nonprofit,Graduate,Mid East,City,STEM,0.0,,,,0.9304173402509086,1
141255,Wiregrass Georgia Technical College,Public,Certificates,Southeast,Rural,Trades & Applied,0.0,1228.0,0.4375,0.394,0.928449547511312,1
483841,Grace International Beauty School,Private for-profit,Certificates,Mid East,City,Trades & Applied,0.0,,0.8824,0.5528,0.9275848311546842,1
490258,American Barber and Beauty Academy,Private for-profit,Certificates,Mid East,City,Trades & Applied,2.1,,0.803,0.3915,0.9248910600051198,1
176600,Aquinas Institute of Theology,Private nonprofit,Graduate,Plains,City,STEM,20.0,,,,0.9242133008205896,1
215424,Pittsburgh Theological Seminary,Private nonprofit,Graduate,Mid East,City,STEM,3.5999999999999996,,,,0.923332778931118,1
366465,Ogeechee Technical College,Public,Certificates,Southeast,Town,Trades & Applied,1.4000000000000001,5222.0,0.4035,0.4235,0.9187860554478201,1
129491,Hartford International University for Religion and Peace,Private nonprofit,Graduate,New England,City,STEM,2.1,,,,0.909064380282335,1
243498,Seminario Evangelico de Puerto Rico,Private nonprofit,Graduate,Outlying Areas,City,STEM,2.8000000000000003,,,,0.906006948178074,1
157298,Louisville Presbyterian Theological Seminary,Private nonprofit,Graduate,Southeast,City,STEM,2.1999999999999997,,,,0.9031852009650279,1
215619,Reconstructionist Rabbinical College,Private nonprofit,Graduate,Mid East,Suburb,STEM,4.5,,,,0.898523974783261,1
176062,Hatfield's Mississippi College of Beauty Culture,Private for-profit,Certificates,Southeast,Town,Trades & Applied,0.0,,0.85,0.6053,0.8984829191777722,1
366368,New York Academy of Art,Private nonprofit,Graduate,Mid East,City,STEM,0.0,,,,0.8977466861811317,1
476568,Tomorrow's Image Barber And Beauty Academy of Virginia,Private for-profit,Certificates,Southeast,City,Trades & Applied,0.0,,0.4643,0.8148,0.8960168540860897,1
101277,New Beginning College of Cosmetology,Private for-profit,Certificates,Southeast,Town,Trades & Applied,0.0,,0.5574,0.4557,0.8960150652879165,1
211334,Butler Beauty Academy,Private for-profit,Certificates,Mid East,Town,Trades & Applied,0.0,,0.7586,0.2195,0.8956011055877724,1
140942,Savannah Technical College,Public,Certificates,Southeast,City,Trades & Applied,0.0,5821.0,0.3654,0.4681,0.8949593790583007,1
146977,McCormick Theological Seminary,Private nonprofit,Graduate,Great Lakes,City,STEM,8.0,,,,0.8947756216405651,1
192484,Long Island Beauty School-Hempstead,Private for-profit,Certificates,Mid East,Suburb,Trades & Applied,0.0,,0.8333,0.4217,0.8933327138547729,1
125310,Waynes College of Beauty,Private for-profit,Certificates,Far West,City,Trades & Applied,0.0,,0.7619,0.6944,0.8925953945618659,1
461537,Evolve Beauty Academy,Private for-profit,Certificates,Plains,Town,Trades & Applied,0.0,,0.8125,0.4286,0.8920570124260323,1
143659,Catholic Theological Union at Chicago,Private nonprofit,Graduate,Great Lakes,City,STEM,3.6999999999999997,,,,0.891732331597275,1
145309,Gem City College,Private for-profit,Certificates,Great Lakes,Town,Trades & Applied,0.0,,0.8571,0.6531,0.890310125060125,1
48385001,Alliance Computing Solutions - NYC,Private for-profit,Not classified,Mid East,Other/Unknown,STEM,4.2,,,,0.8894852552289854,1
447865,Trendsetters School of Beauty & Barbering,Private for-profit,Certificates,Southeast,City,Trades & Applied,0.0,,0.8,0.65,0.885162035837889,1
491695,Brown Beauty Barber School,Private for-profit,Certificates,Southeast,Suburb,Trades & Applied,0.0,,0.8333,0.7108,0.8848728468365565,1
495350,Paul Mitchell the School-North Tahoe,Private for-profit,Certificates,Far West,Town,Trades & Applied,0.0,,0.7,0.375,0.8844386317614497,1
19200401,Jamestown Business College -,Private for-profit,Not classified,Mid East,Other/Unknown,STEM,3.6999999999999997,,,,0.8829743875262833,1
461786,Advanced College of Cosmetology,Private for-profit,Certificates,Great Lakes,Town,Trades & Applied,0.0,,0.8333,0.5,0.8829088756225852,1
443702,Bexley Hall Seabury Western Theological Seminary Federation Inc.,Private nonprofit,Graduate,Great Lakes,City,STEM,0.0,,,,0.8824704268353704,1
456588,Salon Success Academy-Fontana,Private for-profit,Certificates,Far West,Suburb,Trades & Applied,0.0,,0.8333,0.6774,0.8769231614413067,1
459541,American Beauty Academy,Private for-profit,Certificates,Rocky Mountains,Town,Trades & Applied,0.0,,0.8333,0.5152,0.8768509093031153,1
476805,University Academy of Hair Design,Private for-profit,Certificates,Southeast,City,Trades & Applied,0.0,,0.7917,0.625,0.8759728968932935,1
486503,Laredo CHI Academy Beauty School,Private for-profit,Certificates,Southwest,City,Trades & Applied,0.0,,0.7586,0.5484,0.8755618356914106,1
461713,Pure Aesthetics Natural Skincare School,Private for-profit,Certificates,Southwest,City,Trades & Applied,0.0,,1.0,0.375,0.8754113287682107,1
138682,Albany Technical College,Public,Certificates,Southeast,City,Business,0.0,4293.0,0.3413,0.6151,0.8749324647087805,1
197814,College of the Albemarle,Public,Associate's,Southeast,Town,Humanities,0.0,4751.0,0.3898,0.1876,0.8742760548947619,1
213446,Lancaster Theological Seminary,Private nonprofit,Graduate,Mid East,City,STEM,0.0,,,,0.8735497291349101,1
455929,The Academy of Hair Design LLC,Private for-profit,Certificates,Southwest,City,Trades & Applied,0.0,,0.8148,0.3977,0.8733479497022637,1
410964,EINE Inc,Private for-profit,Certificates,New England,Suburb,Trades & Applied,0.0,,0.7273,0.2286,0.8732890250023544,1
223852,Charles and Sues School of Hair Design,Private for-profit,Certificates,Southwest,City,Trades & Applied,0.0,,0.8276,0.4078,0.8730455832421895,1
107725,University of Arkansas Hope-Texarkana,Public,Certificates,Southeast,Town,Humanities,0.0,8210.0,0.4925,0.3754,0.8722635737394508,1
157207,Lexington Theological Seminary,Private nonprofit,Graduate,Southeast,City,STEM,0.0,,,,0.8718955184253455,1
485801,Westchester School for Medical & Dental Assistants,Private for-profit,Certificates,Mid East,Suburb,Health,0.0,,1.0,0.8376,0.87171336996337,1
441618,Leon Studio One School of Beauty Knowledge,Private for-profit,Certificates,Mid East,Suburb,Trades & Applied,0.0,,0.8333,0.4,0.8714401545288641,1
199892,Wayne Community College,Public,Certificates,Southeast,City,STEM,0.0,4152.0,0.5658,0.3748,0.8696442425823229,1
488183,Regina Webb Academy,Private for-profit,Certificates,Southeast,City,Trades & Applied,0.0,,0.5714,0.56,0.8690003305598287,1
239877,State College of Beauty Culture Inc,Private for-profit,Certificates,Great Lakes,City,Trades & Applied,0.0,,0.55,0.3375,0.8686640626426648,1
168555,Hillsdale Beauty College,Private for-profit,Certificates,Great Lakes,Town,Trades & Applied,0.0,,0.6923,0.6406,0.8678426228729332,1
444103,Byzantine Catholic Seminary of Saints Cyril and Methodius,Private nonprofit,Graduate,Mid East,City,STEM,0.0,,,,0.8664423115986976,1
381486,Faust Institute of Cosmetology-Spirit Lake,Private for-profit,Certificates,Plains,Town,Trades & Applied,0.0,,0.8,0.5357,0.8646789513531183,1
441830,Healing Mountain Massage School,Private for-profit,Certificates,Rocky Mountains,City,Health,0.0,,0.8214,0.5333,0.8640133418046283,1
490142,World Class Academy of Beauty Careers,Private for-profit,Certificates,Southeast,City,Trades & Applied,0.0,,1.0,0.6226,0.8636838197644651,1
168032,Rob Roy Academy-Taunton,Private for-profit,Certificates,New England,Suburb,Trades & Applied,0.0,,1.0,0.4048,0.8634545371358033,1
208859,Phagans Grants Pass College of Beauty,Private for-profit,Certificates,Far West,City,Trades & Applied,0.0,,0.8,0.6389,0.862962004071918,1
442064,Won Institute of Graduate Studies,Private nonprofit,Graduate,Mid East,Suburb,STEM,1.5,,,,0.8623521242572442,1
495387,Larry's Barber College,Private for-profit,Certificates,Great Lakes,City,Trades & Applied,0.0,,0.8,0.8788,0.8623065588820418,1
198923,McDowell Technical Community College,Public,Certificates,Southeast,Rural,Humanities,0.0,6838.0,0.5714,0.3673,0.8621204262913058,1
480842,Shear Finesse Beauty Academy,Private for-profit,Certificates,Southeast,City,Trades & Applied,1.7000000000000002,,1.0,0.898,0.8609528803782837,1
484923,Dermal Science International Aesthetics and Nail Academy,Private for-profit,Certificates,Southeast,City,Trades & Applied,0.0,,0.8718,0.3053,0.8597249972249972,1
211130,Missio Theological Seminary,Private nonprofit,Graduate,Mid East,City,STEM,1.0999999999999999,,,,0.8592893518089233,1
216348,Theological Seminary of the Reformed Episcopal Church,Private nonprofit,Graduate,Mid East,Suburb,STEM,0.0,,,,0.8591576798127998,1
245980,Ponca City Beauty College,Private for-profit,Certificates,Southwest,Town,Trades & Applied,0.0,,0.7586,0.6034,0.8579295317971789,1
478917,Hays Academy of Hair Design,Private for-profit,Certificates,Plains,Town,Trades & Applied,0.0,,0.8148,0.4625,0.8576265280310206,1
415039,Empire Beauty School-Hanover,Private for-profit,Certificates,Mid East,City,Trades & Applied,0.0,,0.7778,0.4324,0.8568497374626869,1
481571,Belle Academy of Cosmetology LLC,Private for-profit,Certificates,New England,Rural,Trades & Applied,0.0,,0.8929,0.25,0.8567182794057794,1
243799,Blue Hills Regional Technical School,Public,Certificates,New England,Rural,Health,0.0,16405.0,1.0,0.5217,0.8554889279203004,1
490531,Ray J's College of Hair,Private for-profit,Certificates,Southeast,City,Trades & Applied,0.0,,0.7727,0.6462,0.8548789822724586,1
469610,Allen School-Phoenix,Private for-profit,Certificates,Southwest,City,Health,0.0,,0.925,0.8475,0.8524368494565864,1
170736,M J Murphy Beauty College of Mount Pleasant,Private for-profit,Certificates,Great Lakes,Town,Trades & Applied,0.0,,0.9286,0.4286,0.8522787097162097,1
186423,Capital Health School of Nursing,Private nonprofit,Certificates,Mid East,City,Health,0.0,,,0.0,0.8513715697882365,1
247010,Headmasters School of Hair Design,Private for-profit,Certificates,Rocky Mountains,City,Trades & Applied,1.4000000000000001,,0.64,0.5429,0.8509933021455791,1
231068,SIT Graduate Institute,Private nonprofit,Graduate,New England,Rural,STEM,0.0,,,,0.8506990977622149,1
492652,KCK Beauty & Barber Academy,Private for-profit,Certificates,Southeast,City,Trades & Applied,0.0,,0.8065,0.5581,0.8505702709368262,1
114637,Redondo Beach Beauty College,Private for-profit,Certificates,Far West,City,Trades & Applied,0.0,,1.0,0.2913,0.8504523495295554,1
490221,MAK Beauty Institute,Private for-profit,Certificates,Southeast,Suburb,Trades & Applied,0.0,,0.75,0.64,0.8493887324317583,1
454722,Academy of Esthetics and Cosmetology,Private for-profit,Certificates,Far West,Suburb,Trades & Applied,0.0,,0.7143,0.5366,0.8490816302421845,1
183035,New Hampshire Institute for Therapeutic Arts,Private for-profit,Certificates,New England,City,Health,0.0,,1.0,0.2391,0.8488073088126061,1
145886,Institute for Clinical Social Work,Private nonprofit,Graduate,Great Lakes,City,STEM,0.0,,,,0.8479392978233509,1
439932,Shawnee Beauty College,Private for-profit,Certificates,Southwest,Town,Trades & Applied,0.0,,0.9355,0.6635,0.8477596079196956,1
485704,River Valley School of Massage,Private for-profit,Certificates,Southeast,Town,Health,0.0,,1.0,0.5,0.8473394741820308,1
441672,Susquehanna County Career and Technology Center,Public,Certificates,Mid East,Rural,Trades & Applied,0.0,4156.0,0.9667,0.8605,0.8468412349299446,1
48133101,Sharp Edgez Barber Institute - Buffalo,Private for-profit,Not classified,Mid East,Other/Unknown,STEM,0.0,,,,0.8468324774512075,1
490249,Mobile Technical Training,Private for-profit,Certificates,Mid East,Suburb,Trades & Applied,0.0,,0.8485,0.8732,0.8467465551175228,1
444440,Blue Cliff Career College,Private for-profit,Certificates,Southeast,City,Trades & Applied,0.0,,0.7143,0.7639,0.8463967793645897,1
451626,Victoria's Academy of Cosmetology,Private for-profit,Certificates,Far West,City,Trades & Applied,0.0,,0.8864,0.4818,0.8460676448217955,1
213330,Butler Beauty Academy-Kittanning Beauty Academy,Private for-profit,Certificates,Mid East,Town,Trades & Applied,0.0,,0.7097,0.1429,0.8458313134694021,1
487621,Celebrity Barber School,Private for-profit,Certificates,Southeast,City,Trades & Applied,0.0,,0.8571,0.5152,0.8457421183119714,1
199908,Western Piedmont Community College,Public,Associate's,Southeast,City,Humanities,0.0,5357.0,0.3571,0.3305,0.845002459046166,1
48891601,Alabama School of Nail Technology & Cosmetology - Saraland,Private for-profit,Not classified,Southeast,Other/Unknown,STEM,4.1000000000000005,,,,0.8436697295209978,1
166805,Massachusetts School of Barbering,Private for-profit,Certificates,New England,Suburb,Trades & Applied,0.0,,0.8421,0.5052,0.8436068519528354,1
175722,Academy of Hair Design-Grenada,Private for-profit,Certificates,Southeast,Rural,Trades & Applied,0.0,,0.7273,0.7708,0.842652660207427,1
483726,Luckes Beauty Academy LLC,Private for-profit,Certificates,Southeast,City,Trades & Applied,0.0,,0.5714,0.7273,0.8420327696967632,1
160126,Celebrity Stylist Beauty School,Private for-profit,Certificates,Southeast,City,Trades & Applied,0.0,,0.8,0.5161,0.8419755269052939,1
447449,Academy of Hair Design-Jasper,Private for-profit,Certificates,Southwest,Town,Trades & Applied,0.0,,0.9688,0.52,0.8416082595646557,1
451042,Branford Academy of Hair and Cosmetology,Private for-profit,Certificates,New England,Suburb,Trades & Applied,0.0,,0.8333,1.0,0.8414810467310466,1
430306,Cayce/Reilly School of Massage,Private nonprofit,Certificates,Southeast,City,Health,1.0,17382.0,0.9268,0.4118,0.8413912848226575,1
188580,Albany Medical College,Private nonprofit,Graduate,Mid East,City,STEM,0.0,,,,0.8413852074826965,1
193405,Icahn School of Medicine at Mount Sinai,Private nonprofit,Graduate,Mid East,City,STEM,0.0,,,,0.8413852074826965,1
385415,Albert Einstein College of Medicine,Private nonprofit,Graduate,Mid East,City,STEM,0.0,,,,0.8413852074826965,1
164599,Bancroft School of Massage Therapy,Private for-profit,Certificates,New England,City,Health,0.0,,,0.2667,0.841335193592394,1
485962,VH Barber & Styling Academy,Private for-profit,Certificates,Southeast,City,Trades & Applied,0.0,,0.2857,0.5439,0.8409853046401908,1
491598,European Medical School of Massage,Private for-profit,Certificates,Mid East,Suburb,Health,0.0,,0.8462,0.7941,0.8402530156522093,1
444370,American Advanced Technicians Institute,Private for-profit,Certificates,Southeast,Suburb,Trades & Applied,0.8,,0.8667,0.5952,0.8394154157521094,1
487889,Regional Center for Border Health,Private nonprofit,Certificates,Southwest,Town,Health,1.9,,0.92,0.0,0.8392407218837045,1
444529,Stellar Career College,Private for-profit,Certificates,Far West,Suburb,Health,0.0,,0.82,0.6885,0.838836756489442,1
482246,Lynnes Welding Training,Private for-profit,Certificates,Plains,City,Trades & Applied,0.0,,0.907,0.1224,0.838495238330022,1
491589,Mystros Barber Academy,Private nonprofit,Certificates,Southwest,City,Trades & Applied,0.0,,0.75,0.1,0.8383500344739425,1
364964,Center for Instruction Technology & Innovation,Public,Certificates,Mid East,Rural,Health,0.6,14487.0,0.8889,0.6061,0.8383109984151651,1
152628,Vincennes Beauty College,Private for-profit,Certificates,Great Lakes,Town,Trades & Applied,0.0,,0.1667,0.3125,0.838035397573441,1
458007,Love Beauty School Inc,Private for-profit,Certificates,Southeast,Town,Trades & Applied,0.0,,0.6923,0.6526,0.8374542243366044,1
139357,Columbus Technical College,Public,Certificates,Southeast,City,Trades & Applied,0.0,4959.0,0.2069,0.5428,0.8371459011089816,1
447795,American Institute of Massage Therapy,Private for-profit,Certificates,Far West,City,Health,0.0,,0.9747,0.1282,0.835896134180577,1
376631,Mr Wayne's School of Unisex Hair Design,Private for-profit,Certificates,Southeast,Town,Trades & Applied,0.0,,0.6923,0.6452,0.8357802464547937,1
461388,Diamonds College,Private for-profit,Certificates,Southwest,City,Trades & Applied,0.0,,0.6061,0.527,0.8357056774338222,1
491543,San Bernardino Beauty College,Private for-profit,Certificates,Far West,City,Trades & Applied,1.7999999999999998,,0.8958,0.375,0.834327985520579,1
492421,No Grease Barber School,Private for-profit,Certificates,Southeast,City,Trades & Applied,0.0,,0.8,1.0,0.8340214027825262,1
216463,Trinity Episcopal School for Ministry,Private nonprofit,Graduate,Mid East,Suburb,STEM,0.0,,,,0.83375060274078,1
461379,Holistic Massage Training Institute,Private for-profit,Certificates,Mid East,City,Health,0.0,,,0.4,0.8324276442127385,1
490522,Allgood Beauty Institute,Private for-profit,Certificates,Southwest,Suburb,Trades & Applied,0.0,,1.0,0.6111,0.8319106155282625,1
236018,BJ's Beauty & Barber College,Private for-profit,Certificates,Far West,City,Trades & Applied,0.0,,0.9091,0.1742,0.8319070861509588,1
206039,Tiffin Academy of Hair Design,Private for-profit,Certificates,Great Lakes,Town,Trades & Applied,1.7000000000000002,,0.6111,0.8125,0.831216959777156,1
490416,J's Barber College,Private for-profit,Certificates,Southeast,Town,Trades & Applied,1.3,,0.7368,0.5946,0.8309356897670466,1
460765,Carolina College of Hair Design Inc,Private for-profit,Certificates,Southeast,City,Trades & Applied,1.7999999999999998,,0.7667,0.4561,0.8306894266158367,1
153782,La James International College-Ft Dodge,Private for-profit,Certificates,Plains,Town,Trades & Applied,0.0,,1.0,0.7368,0.8305937879324976,1
457943,Somerset County Technology Center,Public,Certificates,Mid East,Rural,Health,0.0,16620.0,0.913,0.2545,0.830212463594105,1
488174,Ea La Mar's Cosmetology & Barber College,Private for-profit,Certificates,Plains,City,Trades & Applied,0.0,,0.8,0.7708,0.8300915002350827,1
153463,American Hair Academy,Private for-profit,Certificates,Plains,Town,Trades & Applied,0.0,,0.6923,0.6897,0.8300594741229662,1
449834,Virginia Beach Theological Seminary,Private nonprofit,Graduate,Southeast,City,STEM,0.0,,,,0.8297038109715916,1
483887,Mind Body Institute,Private for-profit,Certificates,Southeast,City,Health,1.0999999999999999,,0.9091,0.3906,0.829105846626809,1
219587,Arnolds Beauty School,Private for-profit,Certificates,Southeast,Town,Trades & Applied,1.4000000000000001,,0.5952,0.5895,0.8289753256347918,1
37727201,Nuvani Institute-Uvalde,Private for-profit,Not classified,Southwest,Other/Unknown,STEM,2.1,,,,0.8281506611065402,1
178518,Nazarene Theological Seminary,Private nonprofit,Graduate,Plains,City,STEM,0.0,,,,0.8279622294828954,1
198710,Isothermal Community College,Public,Certificates,Southeast,Town,Humanities,0.0,6723.0,0.4874,0.3433,0.8276937589700747,1
461272,Mandalyn Academy,Private for-profit,Certificates,Rocky Mountains,Suburb,Trades & Applied,0.0,,0.6316,0.4255,0.8273301272600149,1
199634,Sandhills Community College,Public,Associate's,Southeast,Rural,Humanities,0.0,8596.0,0.4789,0.3245,0.8272521243064899,1
490434,Apex Academy Hair Skin Nails School of Cosmetology,Private for-profit,Certificates,Great Lakes,Suburb,Trades & Applied,0.0,,0.9286,0.2877,0.8272151087413184,1
413820,Yukon Beauty College Inc,Private for-profit,Certificates,Southwest,Suburb,Trades & Applied,0.0,,0.7941,0.6591,0.8271826289445033,1
246415,UCAS University of Cosmetology Arts & Sciences-San Antonio 410,Private for-profit,Certificates,Southwest,Suburb,Trades & Applied,0.0,,1.0,0.4615,0.8270646890767066,1
367431,Butler Beauty Academy-New Castle Beauty Academy,Private for-profit,Certificates,Mid East,Town,Trades & Applied,0.0,,0.5,0.2889,0.8263794996316488,1
499608,Wade Gordon Hairdressing Academy-Oklahoma,Private for-profit,Certificates,Southwest,City,Trades & Applied,0.0,,,0.0,0.8259964482142585,1
475431,ASI Career Institute,Private for-profit,Certificates,Mid East,Suburb,Health,0.0,,0.9444,0.4211,0.8254014594637743,1
439844,Omega Institute of Cosmetology,Private for-profit,Certificates,Southeast,City,Trades & Applied,0.0,,0.8667,0.4133,0.8248646531845061,1
490151,Allied Health Careers Institute,Private for-profit,Certificates,Southeast,City,Health,1.9,,0.7692,0.7105,0.8242511502499796,1
451194,Carlson College of Massage Therapy,Private for-profit,Certificates,Plains,Rural,Health,0.0,,1.0,0.4902,0.8239620136756443,1
198668,Haywood Community College,Public,Certificates,Southeast,Rural,Humanities,0.0,3834.0,0.4413,0.31,0.8236265262515261,1
237321,Clarksburg Beauty Academy and School of Massage Therapy,Private for-profit,Certificates,Southeast,Town,Trades & Applied,0.0,,0.75,0.75,0.8230639327804643,1
446093,Sutter County Career Training Center,Private for-profit,Certificates,Far West,City,Health,0.0,,0.5581,0.4552,0.8227102521116303,1
417628,Kirksville Area Technical Center,Public,Certificates,Plains,Town,Health,0.0,5885.0,0.6364,0.8,0.8223236832611833,1
392354,School of Professional Horticulture New York Botanical Garden,Private nonprofit,Certificates,Mid East,City,STEM,0.0,,1.0,0.0,0.8206585885066279,1
200527,Turtle Mountain Community College,Private nonprofit,Certificates,Plains,Rural,Humanities,0.0,3474.0,,0.5826,0.8192236467236467,1
493770,Vski Cosmetology School,Private nonprofit,Certificates,Southeast,City,Trades & Applied,0.0,10524.0,0.68,0.3333,0.8187380704747375,1
409032,Nouvelle Institute,Private for-profit,Certificates,Southeast,City,Trades & Applied,0.0,,0.8571,1.0,0.8180832053251409,1
167677,Saint John's Seminary,Private nonprofit,Bachelor's,New England,City,Social Science & Public Service,0.0,,,0.0,0.8180400363791168,1
228088,Seguin Beauty School-Seguin,Private for-profit,Certificates,Southwest,Town,Trades & Applied,0.0,,0.5333,0.4507,0.8171445953124095,1
409254,Erikson Institute,Private nonprofit,Graduate,Great Lakes,City,STEM,0.0,,,,0.8160396222392846,1
213631,United Lutheran Seminary,Private nonprofit,Graduate,Mid East,Town,STEM,0.8,,,,0.8154855119842892,1
491871,Vogue International Academy,Private for-profit,Certificates,Southwest,City,Trades & Applied,0.0,,1.0,0.4737,0.8151017472407417,1
104665,The School of Architecture,Private nonprofit,Graduate,Southwest,City,STEM,0.0,,,,0.8148669671795401,1
417123,Ventura Adult and Continuing Education,Public,Certificates,Far West,City,Health,0.0,9949.0,0.9667,0.3505,0.814800527201843,1
198206,Carteret Community College,Public,Certificates,Southeast,Town,Trades & Applied,0.0,11889.0,0.4153,0.3771,0.8146942627730063,1
487083,Protege Academy,Private for-profit,Certificates,Great Lakes,Town,Trades & Applied,0.0,,0.6667,0.625,0.8142751787429888,1
483975,Alabama College of Osteopathic Medicine,Private nonprofit,Graduate,Southeast,City,STEM,0.0,,,,0.8141354707033411,1
193751,Northeast College of Health Sciences,Private nonprofit,Graduate,Mid East,Rural,STEM,0.0,,,,0.813840911699622,1
490744,Northern Technical College,Private for-profit,Certificates,Southeast,Town,Trades & Applied,0.0,,0.5,0.7447,0.8128185596895028,1
209667,Phagans Beauty College,Private for-profit,Certificates,Far West,City,Trades & Applied,0.0,,0.7885,0.4286,0.8125984761289463,1
161855,Baltimore Studio of Hair Design,Private for-profit,Certificates,Mid East,City,Trades & Applied,0.0,,0.8667,0.9773,0.8124363876863876,1
131405,Pontifical Faculty of the Immaculate Conception at the Dominican House of Studies,Private nonprofit,Graduate,Mid East,City,STEM,0.0,,,,0.81222248952636,1
418171,Charles Stuart School of Diamond Setting,Private for-profit,Certificates,Mid East,City,Trades & Applied,0.0,,1.0,0.0313,0.8120982905982906,1
146454,Educators of Beauty College of Cosmetology-Peru,Private for-profit,Certificates,Great Lakes,Town,Trades & Applied,1.0,,0.6383,0.6104,0.8111559283038857,1
193991,Empire Beauty School-Peekskill,Private for-profit,Certificates,Mid East,Suburb,Trades & Applied,0.0,,0.8696,0.3836,0.8108847616832008,1
439817,Northeastern Seminary,Private nonprofit,Graduate,Mid East,Suburb,STEM,0.0,,,,0.8104371087669598,1
195155,St Bernard's School of Theology and Ministry,Private nonprofit,Graduate,Mid East,Suburb,STEM,0.0,,,,0.8101355214653725,1
417868,Clinton Essex Warren Washington BOCES,Public,Certificates,Mid East,Town,Health,1.2,12752.0,0.9286,0.1538,0.8095972222222222,1
186405,Capital Health School of Radiologic Technology,Private nonprofit,Certificates,Mid East,City,Health,0.0,,,0.25,0.809476883608845,1
106324,Arkansas Beauty College,Private for-profit,Certificates,Southeast,Town,Trades & Applied,0.0,,0.6957,0.6226,0.8093806292385595,1
483425,Alexander Paul Institute of Hair Design,Private for-profit,Certificates,Southeast,City,Trades & Applied,0.0,,0.6667,0.5821,0.8091252093050866,1
488527,Arkansas Colleges of Health Education,Private nonprofit,Graduate,Southeast,City,STEM,0.0,,,,0.8083111953410224,1
244446,Georgia Piedmont Technical College,Public,Certificates,Southeast,Suburb,Trades & Applied,0.0,7210.0,0.3488,0.421,0.8079799901952431,1
183202,Paul Mitchell the School-Portsmouth,Private for-profit,Certificates,New England,Suburb,Trades & Applied,0.0,,0.8214,0.2427,0.8077778824140058,1
217040,Yeshivath Beth Moshe,Private nonprofit,Associate's,Mid East,City,STEM,0.0,6349.0,,0.3714,0.807252241064741,1
107655,University of Aesthetics & Cosmetology,Private for-profit,Certificates,Southeast,Town,Trades & Applied,0.0,,0.1429,0.7708,0.805835263368826,1
156754,PJ's College of Cosmetology-Glasgow,Private for-profit,Certificates,Southeast,Town,Trades & Applied,0.0,,0.5294,0.7246,0.8054479980615884,1
180090,Crevier's Academy of Cosmetology Arts,Private for-profit,Certificates,Rocky Mountains,Town,Trades & Applied,0.0,,0.8222,0.211,0.8050391920755378,1
178527,Neosho Beauty College,Private for-profit,Certificates,Plains,Town,Trades & Applied,0.0,,0.4848,0.5698,0.8048828694798354,1
481447,Center for the Healing Arts,Private for-profit,Certificates,Mid East,Suburb,Health,0.0,,0.8571,0.3273,0.8048280989792296,1
107619,Phillips Community College of the University of Arkansas,Public,Certificates,Southeast,Town,Humanities,0.0,5420.0,0.5161,0.359,0.8042214252651323,1
240709,Cheeks Beauty Academy,Private for-profit,Certificates,Rocky Mountains,City,Trades & Applied,0.0,,0.7059,0.72,0.8040860357352272,1
476735,Alexander Academy,Private for-profit,Certificates,New England,Suburb,Trades & Applied,0.0,,0.7576,0.7442,0.8039024531639493,1
262466,Dr. Ida Rolf Institute,Private nonprofit,Certificates,Rocky Mountains,City,Health,0.0,38347.0,1.0,0.186,0.8037004662004662,1
476610,Barber & Beauty Institute of New York,Private for-profit,Certificates,Mid East,Suburb,Trades & Applied,0.0,,0.6429,0.5735,0.8032890027592511,1
146728,Lutheran School of Theology at Chicago,Private nonprofit,Graduate,Great Lakes,City,STEM,0.0,,,,0.8025356349984553,1
101240,Gadsden State Community College,Public,Certificates,Southeast,City,Trades & Applied,0.0,3568.0,0.3218,0.4736,0.8024870386751191,1
419280,New Dimensions School of Hair Design,Private for-profit,Certificates,Plains,City,Trades & Applied,0.0,,,0.3256,0.8019198413223603,1
485591,New Beginnings Beauty Academy,Private for-profit,Certificates,Southeast,Town,Trades & Applied,0.0,,0.0513,1.0,0.8006465114888978,1
481049,Carthage R9 School District-Carthage Technical Center,Public,Certificates,Plains,Town,Health,0.0,16233.0,0.75,0.9429,0.7999893981103414,1
48616901,American College of Barbering - Florence,Private for-profit,Not classified,Southeast,Other/Unknown,STEM,0.0,,,,0.7997113961876645,1
441104,Richmont Graduate University,Private nonprofit,Graduate,Southeast,City,STEM,0.0,,,,0.7995859235682126,1
228282,Southwest School of Business and Technical Careers-San Antonio,Private for-profit,Certificates,Southwest,City,Health,0.0,,0.6507,0.9535,0.799405357050799,1
456542,Geisinger Commonwealth School of Medicine,Private nonprofit,Graduate,Mid East,City,STEM,0.0,,,,0.7990778728748966,1
199476,Robeson Community College,Public,Associate's,Southeast,Town,Trades & Applied,0.0,5189.0,0.2993,0.4724,0.79834373594242,1
214564,Salus University,Private nonprofit,Graduate,Mid East,Suburb,STEM,0.0,,,,0.7981070203125292,1
462336,International College of Beauty Arts & Sciences,Private for-profit,Certificates,Far West,City,Trades & Applied,0.0,,0.9211,0.512,0.7975162551467376,1
216816,Westminster Theological Seminary,Private nonprofit,Graduate,Mid East,Suburb,STEM,0.0,,,,0.7972736869791959,1
134228,Fort Pierce Beauty Academy,Private for-profit,Certificates,Southeast,Suburb,Trades & Applied,0.0,,0.9412,0.9767,0.7971330128205129,1
470047,WellSpring School of Allied Health-Lawrence,Private for-profit,Certificates,Plains,City,Health,0.0,,1.0,0.5455,0.7957490011306425,1
230490,Ogden-Weber Technical College,Public,Certificates,Rocky Mountains,City,Trades & Applied,0.0,1614.0,0.5542,0.1053,0.7948420514670513,1
481021,Berks Career & Technology Center,Public,Certificates,Mid East,Suburb,Trades & Applied,0.0,17879.0,0.75,0.26,0.7940112219134399,1
142832,Adler University,Private nonprofit,Graduate,Great Lakes,City,STEM,0.0,,,,0.7939255849984096,1
487773,Butte County Regional Occupational Program,Public,Certificates,Far West,City,Health,1.5,4357.0,0.6667,0.2712,0.793517766955267,1
457925,Portland Actors Conservatory,Private nonprofit,Certificates,Far West,City,Humanities,0.0,29915.0,1.0,0.25,0.7932627166721593,1
431071,New York Institute of Massage Inc,Private for-profit,Certificates,Mid East,Suburb,Health,0.0,,0.8667,0.5682,0.7931079374057314,1
134024,Florida School of Massage,Private for-profit,Certificates,Southeast,Rural,Health,0.0,,0.7692,0.5341,0.7930638422356119,1
430908,Clearfield County Career and Technology Center,Public,Certificates,Mid East,Rural,Health,0.0,13654.0,0.8214,0.3654,0.7928328253802391,1
438674,The Academy of Hair Design Six,Private for-profit,Certificates,Southeast,City,Trades & Applied,1.3,,0.5,0.8356,0.7925420026891556,1
496371,Elite Welding Academy South Point,Private for-profit,Certificates,Great Lakes,Suburb,Trades & Applied,0.0,,1.0,0.6667,0.792182818674754,1
492281,GoodFellas Barber College,Private for-profit,Certificates,Southeast,City,Trades & Applied,0.0,,0.3,0.5439,0.791956834994074,1
135276,Lively Technical College,Public,Certificates,Southeast,City,Trades & Applied,0.0,7225.0,0.5458,0.2359,0.7912386063529655,1
484172,Lee Professional Institute,Private for-profit,Certificates,Southeast,City,Health,0.0,,0.95,0.954,0.7911817004836955,1
443146,Jay's Technical Institute,Private for-profit,Certificates,Southwest,City,Trades & Applied,0.0,,0.5455,0.3182,0.7904833609829806,1
491233,Unlimited Cosmetology School,Private for-profit,Certificates,Southeast,City,Trades & Applied,0.0,,0.625,0.2037,0.7902516336961063,1
488129,Textures Institute of Cosmetology,Private for-profit,Certificates,Great Lakes,City,Trades & Applied,0.0,,1.0,0.6129,0.7891137488556843,1
166498,Lowell Academy Hairstyling Institute,Private for-profit,Certificates,New England,Suburb,Trades & Applied,1.3,,0.625,0.2316,0.7889100321164872,1
485236,Fountain of Youth Academy of Cosmetology,Private for-profit,Certificates,Mid East,City,Trades & Applied,0.0,,0.6667,0.1864,0.7887849716426599,1
108065,Velvatex College of Beauty Culture,Private for-profit,Certificates,Southeast,City,Trades & Applied,0.0,,0.6429,0.5714,0.7880108773307303,1
483799,East-West Healing Arts Institute,Private for-profit,Certificates,Great Lakes,City,Health,0.0,,0.8,0.3889,0.7879614262769062,1
227289,Oblate School of Theology,Private nonprofit,Graduate,Southwest,City,STEM,0.0,,,,0.7879505256871185,1
202888,Gerbers Akron Beauty School,Private for-profit,Certificates,Great Lakes,City,Trades & Applied,0.0,,0.8929,0.1189,0.7874502085390243,1
208044,Formations Institute of Cosmetology & Barbering,Private for-profit,Certificates,Southwest,Town,Trades & Applied,0.0,,0.6042,0.6567,0.7867651276005316,1
212300,Empire Beauty School-Pottsville,Private for-profit,Certificates,Mid East,Town,Trades & Applied,0.0,,0.6889,0.549,0.7861052896313814,1
481094,Sotheby's Institute of Art-NY,Private for-profit,Graduate,Mid East,City,STEM,0.0,,,,0.7859434477256872,1
468255,Northwest College-Tualatin,Private for-profit,Certificates,Far West,Suburb,Trades & Applied,0.0,,0.8462,0.4524,0.7855799386906406,1
486141,Westchester College of Nursing & Allied Health,Private for-profit,Certificates,Far West,City,STEM,0.0,,1.0,0.9091,0.7855478680676048,1
447917,Augusta School of Massage,Private for-profit,Certificates,Southeast,Suburb,Health,0.0,,0.7931,0.4706,0.7854494183963279,1
491701,Rexburg College of Massage Therapy,Private for-profit,Certificates,Rocky Mountains,Town,Health,0.0,,,0.4342,0.7849682501126352,1
492096,D&S School of Cosmetology,Private for-profit,Certificates,Great Lakes,Suburb,Trades & Applied,0.0,,1.0,0.3,0.7845490586922038,1
122117,Dongguk University Los Angeles,Private nonprofit,Graduate,Far West,City,STEM,0.0,,,,0.7842489672545121,1
188207,Southwestern College,Private nonprofit,Graduate,Southwest,City,STEM,0.0,,,,0.7839346602046187,1
417646,Saline County Career Center,Public,Certificates,Plains,Town,Health,0.0,19207.0,1.0,0.7778,0.7831806981101336,1
414966,Phillips Theological Seminary,Private nonprofit,Graduate,Southwest,City,STEM,0.0,,,,0.7818579815826503,1
481368,Prestige Health & Beauty Sciences Academy,Private for-profit,Certificates,Southeast,Suburb,Trades & Applied,1.7999999999999998,,0.875,0.0325,0.781795985060691,1
448275,Mountain State School of Massage,Private for-profit,Certificates,Southeast,City,Health,0.0,,0.7826,0.8095,0.7810653745576414,1
220871,Memphis Theological Seminary,Private nonprofit,Graduate,Southeast,City,STEM,0.0,,,,0.7809223580888575,1
458122,Institute of Advanced Medical Esthetics,Private for-profit,Certificates,Southeast,Suburb,Trades & Applied,0.0,,,0.5224,0.7803657564645783,1
487904,Kentucky Horseshoeing School,Private for-profit,Certificates,Southeast,Town,STEM,0.0,,0.9231,0.4167,0.779330808080808,1
131830,National Conservatory of Dramatic Arts,Private nonprofit,Certificates,Mid East,City,Humanities,0.0,,0.5,0.1667,0.7788069831947283,1
488299,Mission Beauty Institute,Private for-profit,Certificates,Southwest,City,Trades & Applied,0.0,,0.6222,0.7049,0.7780178120762552,1
444051,Creative Images Institute of Cosmetology-South Dayton,Private for-profit,Certificates,Great Lakes,Suburb,Trades & Applied,0.0,,0.8364,0.3519,0.7776768231768231,1
485856,Studio Incamminati,Private nonprofit,Certificates,Mid East,City,Humanities,0.0,,,0.0769,0.7766035089950641,1
245999,Francis Tuttle Technology Center,Public,Certificates,Southwest,City,Trades & Applied,0.0,4999.0,0.6276,0.087,0.7763679910560716,1
241793,Center for Advanced Studies On Puerto Rico and the Caribbean,Private nonprofit,Graduate,Outlying Areas,City,STEM,0.0,,,,0.7761578661554124,1
496964,Larry's Barber College-Joliet,Private for-profit,Certificates,Great Lakes,Suburb,Trades & Applied,0.0,,,1.0,0.7761414100900336,1
477002,Brighton Institute of Cosmetology,Private for-profit,Certificates,Great Lakes,Suburb,Trades & Applied,0.0,,0.98,0.0164,0.7761203703703704,1
247162,Ecumenical Theological Seminary,Private nonprofit,Certificates,Great Lakes,City,Social Science & Public Service,0.0,,,0.0,0.7754213132956016,1
483708,Access Careers,Private for-profit,Certificates,Mid East,Suburb,Health,0.0,,0.8955,0.0265,0.7753490134650352,1
373456,Blalock's Professional Beauty College,Private for-profit,Certificates,Southeast,City,Trades & Applied,0.0,,0.5238,1.0,0.7750872746608981,1
487995,Alhambra Medical University,Private for-profit,Graduate,Far West,Suburb,STEM,0.0,,,,0.7746256136800334,1
452009,The Hair Academy,Private for-profit,Certificates,Plains,City,Trades & Applied,0.0,,0.6552,0.2892,0.7741607235599484,1
493673,Professional University Dr. Carlos J. Borrero Rios,Private for-profit,Graduate,Outlying Areas,City,STEM,0.0,,,,0.773278256986339,1
480727,School of Missionary Aviation Technology,Private nonprofit,Certificates,Great Lakes,Rural,Trades & Applied,0.0,14994.0,0.96,0.3529,0.7729371184371184,1
481030,Future Generations University,Private nonprofit,Graduate,Southeast,Rural,STEM,0.0,,,,0.7718326798511419,1
462044,Institute for Doctoral Studies in the Visual Arts,Private nonprofit,Graduate,New England,City,STEM,0.0,,,,0.7716433023091669,1
190707,CVPH Medical Center School of Radiologic Technology,Private nonprofit,Certificates,Mid East,Town,Health,0.0,8609.0,0.5,0.2222,0.7716244828974402,1
381699,Cheeks Beauty Academy,Private for-profit,Certificates,Rocky Mountains,Suburb,Trades & Applied,0.0,,0.6875,0.7273,0.7712988370803981,1
196884,Union Theological Seminary in the City of New York,Private nonprofit,Graduate,Mid East,City,STEM,0.0,,,,0.7709597468705858,1
199926,Wilkes Community College,Public,Certificates,Southeast,Town,Trades & Applied,0.0,-28.0,0.5238,0.2913,0.7700550401181204,1
420981,Manhattan School of Computer Technology,Private nonprofit,Certificates,Mid East,City,Humanities,0.0,11103.0,0.7195,0.7918,0.7695194034832192,1
443632,Colorado Media School,Private for-profit,Certificates,Rocky Mountains,City,Trades & Applied,0.0,,0.6951,0.4183,0.7687348522075513,1
153773,La James College of Hairstyling and Cosmetology,Private for-profit,Certificates,Plains,Town,Trades & Applied,0.0,,0.7083,0.5586,0.7685529024164925,1
490948,Bull City Durham Beauty and Barber College,Private for-profit,Certificates,Southeast,City,Trades & Applied,0.0,,0.6667,1.0,0.7683301310352361,1
454962,The University of Aesthetics & Cosmetology,Private for-profit,Certificates,Great Lakes,City,Trades & Applied,0.0,,0.7241,0.3689,0.7680380437172915,1
147031,Meadville Theological School of Lombard College,Private nonprofit,Graduate,Great Lakes,City,STEM,0.0,,,,0.7680078572206774,1
481340,The Salon Professional Academy-Nashville,Private for-profit,Certificates,Southeast,City,Trades & Applied,0.0,,0.7273,0.3137,0.7679393908234969,1
135267,Fort Myers Technical College,Public,Certificates,Southeast,City,Trades & Applied,0.0,14072.0,0.8203,0.265,0.7676897833965339,1
163815,Maryland Beauty Academy of Essex,Private for-profit,Certificates,Mid East,Suburb,Trades & Applied,1.4000000000000001,,0.7813,0.6774,0.7675324883449882,1
483911,Creative Touch Cosmetology School,Private for-profit,Certificates,Great Lakes,Town,Trades & Applied,0.0,,0.4545,0.6207,0.7675085987815562,1
457192,Washington Barber College Inc,Private for-profit,Certificates,Southeast,City,Trades & Applied,0.0,,0.8889,1.0,0.7668839285714285,1
499033,Champ's Barber School-Lebanon,Private for-profit,Certificates,Mid East,City,Trades & Applied,0.0,,,0.5294,0.7666237254298939,1
148982,Spertus College,Private nonprofit,Graduate,Great Lakes,City,STEM,0.0,,,,0.7663411905540108,1
381732,Colorado School of Healing Arts,Private for-profit,Certificates,Rocky Mountains,Suburb,Health,0.0,,1.0,0.1636,0.7660257687911821,1
457642,Marketti Academy of Cosmetology,Private for-profit,Certificates,Great Lakes,Suburb,Trades & Applied,0.0,,0.9231,0.1084,0.7656851098248157,1
200110,Josef's School of Hair Skin & Body-Grand Forks,Private for-profit,Certificates,Plains,City,Trades & Applied,0.0,,0.7083,0.5139,0.7656100584053813,1
236744,Stylemaster College of Hair Design,Private for-profit,Certificates,Far West,City,Trades & Applied,0.0,,0.5172,0.6267,0.7654785916466174,1
145275,Garrett-Evangelical Theological Seminary,Private nonprofit,Graduate,Great Lakes,City,STEM,0.0,,,,0.7652300794428997,1
175139,United Theological Seminary of the Twin Cities,Private nonprofit,Graduate,Plains,City,STEM,0.0,,,,0.764783448117003,1
144014,Chicago Theological Seminary,Private nonprofit,Graduate,Great Lakes,City,STEM,0.0,,,,0.7647671164799367,1
240213,Wisconsin School of Professional Psychology,Private nonprofit,Graduate,Great Lakes,City,STEM,0.0,,,,0.7642038890256353,1
487816,Midfield Institute of Cosmetology,Private nonprofit,Certificates,Southeast,Suburb,Trades & Applied,0.0,10844.0,0.0,1.0,0.7638644810193672,1
188535,Albany Law School,Private nonprofit,Graduate,Mid East,City,STEM,0.0,,,,0.7638292867509953,1
189015,Bank Street College of Education,Private nonprofit,Graduate,Mid East,City,STEM,0.0,,,,0.7637375246483635,1
451097,Academy of Career Training,Private for-profit,Certificates,Southeast,City,Trades & Applied,0.0,,0.9333,0.1186,0.7635649938296998,1
209153,Phagans Medford Beauty School,Private for-profit,Certificates,Far West,City,Trades & Applied,1.3,,0.6818,0.7377,0.7632292826248197,1
145628,Illinois College of Optometry,Private nonprofit,Graduate,Great Lakes,City,STEM,0.0,,,,0.7631004498132701,1
198330,Coastal Carolina Community College,Public,Associate's,Southeast,City,Humanities,0.0,7779.0,0.4203,0.3066,0.7625941871656579,1
481331,Sharp Edgez Barber Institute,Private for-profit,Certificates,Mid East,City,Trades & Applied,0.0,,0.9375,0.7005,0.761915369258257,1
483258,Networks Barber College,Private for-profit,Certificates,Great Lakes,Suburb,Trades & Applied,1.0999999999999999,,0.6667,0.764,0.7613917369690368,1
198914,Mayland Community College,Public,Certificates,Southeast,Rural,Trades & Applied,0.0,5260.0,0.4857,0.2558,0.7612650949268596,1
455062,French Academy of Cosmetology,Private for-profit,Certificates,Great Lakes,Suburb,Trades & Applied,0.0,,0.9286,0.2301,0.7611359575881634,1
201098,Ashland County-West Holmes Career Center,Public,Certificates,Great Lakes,Rural,Health,1.0,15188.0,0.8571,0.4286,0.7610862242332831,1
454689,Taft University System,Private for-profit,Graduate,Rocky Mountains,City,STEM,0.0,,,,0.7610704310571164,1
451291,Lakewood School of Therapeutic Massage,Private for-profit,Certificates,Great Lakes,Suburb,Health,0.0,,,0.9231,0.7609412819886958,1
404222,Inter American University of Puerto Rico-School of Optometry,Private nonprofit,Graduate,Outlying Areas,City,STEM,0.0,,,,0.7606763757417693,1
483948,Bos-Man's Barber College,Private for-profit,Certificates,Southeast,City,Trades & Applied,1.7000000000000002,,0.5714,1.0,0.7605661658897895,1
455512,Woodland Community College,Public,Associate's,Far West,Suburb,Humanities,0.0,4097.0,0.3684,0.2502,0.7604579124579125,1
219240,Kairos University,Private nonprofit,Bachelor's,Plains,City,Social Science & Public Service,0.0,,,0.0,0.7602619317179478,1
499325,Academy of Cosmetology Barbering and Esthetics,Private for-profit,Certificates,Southwest,City,Trades & Applied,0.0,,,0.4286,0.7601608029474078,1
455910,Center for Massage,Private for-profit,Certificates,Southeast,City,Health,0.8999999999999999,,0.9107,0.2826,0.7584261004470627,1
483513,Neecee's Barber College,Private for-profit,Certificates,Southwest,City,Trades & Applied,0.0,,0.3684,0.6604,0.7582643417554614,1
483753,Champ's Barber School,Private for-profit,Certificates,Mid East,City,Trades & Applied,0.0,,0.7778,0.7294,0.7575138410723087,1
494010,Ponce Health Sciences University-St Louis,Private for-profit,Graduate,Plains,City,STEM,0.0,,,,0.7574769769320597,1
147642,Cosmetology Concepts Niles,Private for-profit,Certificates,Great Lakes,Suburb,Trades & Applied,0.0,,0.5714,0.4941,0.7563652742614618,1
377193,UCAS University of Cosmetology Arts & Sciences,Private for-profit,Certificates,Southwest,City,Trades & Applied,0.0,,0.0,1.0,0.7554996510577632,1
461333,Mauna Loa Helicopters,Private for-profit,Certificates,Far West,Town,STEM,0.0,,,0.0,0.7550492416534083,1
430564,Studio Jewelers,Private for-profit,Certificates,Mid East,City,Humanities,0.0,,0.8696,0.0168,0.7550293090170542,1
458821,Empire Beauty School-Jackson,Private for-profit,Certificates,Southeast,City,Trades & Applied,0.0,,0.3714,0.7315,0.7544803632025112,1
491686,International Barber College,Private for-profit,Certificates,Southwest,City,Trades & Applied,0.0,,0.64,0.5238,0.7542265965788024,1
491507,California Institute of Medical Science,Private for-profit,Certificates,Far West,Suburb,Health,0.0,,,0.525,0.754095991247202,1
457615,Blackstone Valley Vocational Regional School District,Public,Certificates,New England,Suburb,Health,0.0,,,0.3043,0.7523172128905747,1
165608,Diman Regional Technical Institute,Public,Certificates,New England,Suburb,Health,0.0,20861.0,0.7143,0.5909,0.7522751562163327,1
199494,Rowan-Cabarrus Community College,Public,Associate's,Southeast,Suburb,Humanities,0.0,4842.0,0.3004,0.2806,0.7520005864019021,1
491738,IBS School of Cosmetology and Massage,Private for-profit,Certificates,Far West,City,Trades & Applied,0.0,,0.84,0.1402,0.7510918747449544,1
490294,Elite Cosmetology Barber & Spa Academy,Private for-profit,Certificates,Far West,City,Trades & Applied,0.0,,0.3023,0.6732,0.7507204889502929,1
443058,Family of Faith Christian University,Private nonprofit,Bachelor's,Southwest,Rural,Social Science & Public Service,0.0,,0.25,0.4118,0.7506150016015212,1
483744,Vibe Barber College,Private for-profit,Certificates,Southeast,City,Trades & Applied,0.0,,0.75,0.6452,0.7504815299359489,1
491534,Pets Playground Grooming School,Private for-profit,Certificates,Southeast,City,STEM,0.0,,,0.381,0.7504382012358006,1
475653,Reflections Academy of Beauty,Private for-profit,Certificates,Great Lakes,City,Trades & Applied,1.4000000000000001,,0.5217,0.7021,0.7499677594286374,1
219842,Pentecostal Theological Seminary,Private nonprofit,Certificates,Southeast,City,Social Science & Public Service,0.0,,,0.0,0.7499062682395274,1
199467,Roanoke-Chowan Community College,Public,Associate's,Southeast,Rural,Humanities,0.0,8076.0,0.2143,0.3392,0.749335618005773,1
165495,Conway School of Landscape Design,Private nonprofit,Graduate,New England,City,STEM,0.0,,,,0.748568637867208,1
484075,First Coast Barber Academy,Private for-profit,Certificates,Southeast,City,Trades & Applied,0.0,,0.6567,1.0,0.7485293118089351,1
451307,The Salon Professional Academy-Battle Creek,Private for-profit,Certificates,Great Lakes,City,Trades & Applied,0.0,,0.75,0.5616,0.7481912903273198,1
441593,Orleans Niagara BOCES-Practical Nursing Program,Public,Certificates,Mid East,Town,Health,1.0999999999999999,,0.6667,0.5833,0.7481785143155645,1
449445,Valley College of Medical Careers,Private for-profit,Certificates,Far West,City,Health,0.0,,0.7857,0.7736,0.7480118694932999,1
427335,Lia Schorr Institute of Cosmetic Skin Care Training,Private for-profit,Certificates,Mid East,City,Trades & Applied,0.0,,0.093,0.4444,0.7477943877434072,1
418588,Northern Tier Career Center,Public,Certificates,Mid East,Rural,Health,0.0,16860.0,0.5455,0.3036,0.7473898256105475,1
194073,New York College of Podiatric Medicine,Private nonprofit,Graduate,Mid East,City,STEM,0.0,,,,0.7472047141014226,1
486859,Entourage Institute of Beauty and Esthetics,Private for-profit,Certificates,Plains,City,Trades & Applied,0.0,,0.6667,0.5111,0.7471273103916604,1
140146,Interdenominational Theological Center,Private nonprofit,Graduate,Southeast,City,STEM,0.0,,,,0.7471225787996272,1
437723,New Community Career & Technical Institute,Private nonprofit,Certificates,Mid East,City,Health,0.0,5716.0,0.3131,0.7692,0.7470539021164022,1
233842,Union Presbyterian Seminary,Private nonprofit,Graduate,Southeast,City,STEM,0.0,,,,0.747021042569041,1
420246,Sonoran University of Health Sciences,Private nonprofit,Graduate,Southwest,City,STEM,0.0,,,,0.746249974725925,1
491747,UR Beauty & Barber Academy,Private for-profit,Certificates,Southeast,City,Trades & Applied,0.0,,0.6154,0.4,0.7461343501650444,1
154536,Wartburg Theological Seminary,Private nonprofit,Graduate,Plains,City,STEM,0.0,,,,0.7457864520328743,1
135179,Lake Technical College,Public,Certificates,Southeast,Suburb,Health,0.0,14597.0,0.6825,0.2766,0.7442841722604883,1
198118,Caldwell Community College and Technical Institute,Public,Associate's,Southeast,Suburb,Humanities,0.0,5517.0,0.3978,0.2914,0.7440389482687525,1
206516,Winebrenner Theological Seminary,Private nonprofit,Graduate,Great Lakes,Town,STEM,0.0,,,,0.7439866883816961,1
224758,Exposito School of Hair Design,Private for-profit,Certificates,Southwest,City,Trades & Applied,0.0,,0.0909,0.6889,0.7431485107788621,1
143853,Midwestern University-Downers Grove,Private nonprofit,Graduate,Great Lakes,City,STEM,0.0,,,,0.7424870837107735,1
149204,Educators of Beauty College of Cosmetology-Sterling,Private for-profit,Certificates,Great Lakes,Town,Trades & Applied,0.0,,0.6667,0.5667,0.7423098891306406,1
483346,Barber and Beauty Academy of Pennsylvania,Private for-profit,Certificates,Mid East,Suburb,Trades & Applied,0.0,,0.8333,0.1037,0.7421057093777683,1
230199,Evans Hairstyling College-Cedar City,Private for-profit,Certificates,Rocky Mountains,Town,Trades & Applied,0.0,,0.8491,0.3333,0.7420217731141643,1
106494,Arthur's Beauty College,Private for-profit,Certificates,Southeast,Suburb,Trades & Applied,0.0,,0.2222,0.7885,0.7416928498840263,1
441575,Metropolitan Learning Institute,Private nonprofit,Certificates,Mid East,City,Health,0.0,9526.0,0.8354,0.7821,0.7411992318110737,1
461740,Buckner Barber School,Private for-profit,Certificates,Southwest,City,Trades & Applied,0.0,,0.2727,0.6531,0.7411083827196652,1
491677,Lehigh Valley Barber School,Private for-profit,Certificates,Mid East,City,Trades & Applied,0.0,,0.7333,0.5556,0.7408018703611425,1
497046,Madera Community College,Public,Associate's,Far West,Rural,Humanities,1.4000000000000001,-489.0,0.3316,0.1806,0.7406327561327561,1
366571,Mercy-St Luke's School of Radiologic Technology,Private nonprofit,Certificates,Plains,City,Health,0.0,,,0.2727,0.7397210461365482,1
143552,Capri Beauty College,Private for-profit,Certificates,Great Lakes,Suburb,Trades & Applied,0.0,,0.8571,0.5781,0.7391280813413167,1
482200,Cosmetology Academy of Texarkana,Private for-profit,Certificates,Southwest,City,Trades & Applied,0.0,,0.6119,0.6981,0.7387613550963716,1
223056,Baldwin Beauty School-South Austin,Private for-profit,Certificates,Southwest,City,Trades & Applied,0.0,,0.3182,0.5309,0.7385174471518249,1
417983,Cattaraugus Allegany BOCES-Practical Nursing Program,Public,Certificates,Mid East,Rural,Health,1.0999999999999999,,,0.8276,0.7383492657103405,1
48092101,Designer Barber & Stylist School -,Private for-profit,Not classified,Southeast,Other/Unknown,STEM,1.7999999999999998,,,,0.7381202012619442,1
480161,Ideal Beauty Academy,Private for-profit,Certificates,Southeast,Suburb,Trades & Applied,0.0,,0.6875,0.5806,0.7377676403600265,1
488253,Focus Personal Training Institute,Private for-profit,Certificates,Mid East,City,STEM,0.0,,0.875,0.225,0.7375492842109423,1
148256,Rend Lake College,Public,Certificates,Great Lakes,Rural,Trades & Applied,0.0,7309.0,0.6037,0.3099,0.7374394761525196,1
169813,Creative Hair School of Cosmetology,Private for-profit,Certificates,Great Lakes,Suburb,Trades & Applied,0.0,,0.3333,0.4565,0.7364919107698523,1
204990,Payne Theological Seminary,Private nonprofit,Graduate,Great Lakes,Rural,STEM,0.0,,,,0.7364344908396252,1
461722,Lindsey Institute of Cosmetology,Private for-profit,Certificates,Southeast,City,Trades & Applied,1.3,,0.8125,0.2644,0.7360525248871829,1
488651,Glitz School of Cosmetology,Private for-profit,Certificates,Southwest,City,Trades & Applied,0.0,,0.5814,0.6085,0.7357117998915667,1
365505,Waynesville Career Center,Public,Certificates,Plains,Town,Health,0.0,19044.0,0.6667,0.5769,0.7355480676952602,1
451529,Elite College of Cosmetology,Private for-profit,Certificates,Southeast,Town,Trades & Applied,0.0,,0.7241,0.9524,0.7354961664855175,1
490018,National Personal Training Institute-Tampa,Private for-profit,Certificates,Southeast,Suburb,STEM,0.0,,,0.34,0.7342489301155377,1
461254,Galaxy Medical College,Private for-profit,Certificates,Far West,City,Health,0.0,,0.9104,0.9286,0.733960692603944,1
496894,Branford Academy of Hair & Cosmetology-Bridgeport,Private for-profit,Certificates,New England,City,Trades & Applied,0.0,,,1.0,0.7329846545055029,1
167215,New England Law-Boston,Private nonprofit,Graduate,New England,City,STEM,0.0,,,,0.7319192061687967,1
461485,Shepherds Theological Seminary,Private nonprofit,Graduate,Southeast,City,STEM,0.0,,,,0.731657801856559,1
365240,Greene County Career Center,Public,Certificates,Great Lakes,Rural,STEM,1.6,10960.0,0.8824,0.2414,0.7314447751322751,1
133021,Chipola College,Public,Associate's,Southeast,Town,Humanities,0.0,832.0,,0.2689,0.7304387732150889,1
44098904,Texas Barber College - Branch Campus #5,Private for-profit,Not classified,Southwest,Other/Unknown,STEM,0.0,,,,0.7303290380128583,1
44098902,Texas Barber College - Branch Campus #2,Private for-profit,Not classified,Southwest,Other/Unknown,STEM,0.0,,,,0.7303290380128583,1
44098901,Texas Barber College - Branch Campus #1,Private for-profit,Not classified,Southwest,Other/Unknown,STEM,0.0,,,,0.7303290380128583,1
488280,National Personal Training Institute,Private for-profit,Certificates,Southeast,Suburb,STEM,0.0,,1.0,0.4405,0.7297976562695988,1
499635,EDP University of Puerto Rico-Caguas,Private nonprofit,Associate's,Outlying Areas,City,STEM,0.0,,,,0.729642619401358,1
198011,Bladen Community College,Public,Associate's,Southeast,Rural,Humanities,0.0,7858.0,0.3095,0.6708,0.7295895862597412,1
461120,Omega Graduate School,Private nonprofit,Graduate,Southeast,Rural,STEM,0.0,,,,0.7295856692917583,1
148885,University of Saint Mary of the Lake,Private nonprofit,Graduate,Great Lakes,Suburb,STEM,0.0,,,,0.7294425019566206,1
214023,ASPIRA City College,Private nonprofit,Certificates,Mid East,City,Health,0.0,15727.0,0.0,0.7273,0.7292129752465774,1
209205,Northwest College-Clackamas,Private for-profit,Certificates,Far West,Suburb,Trades & Applied,0.0,,0.4773,0.5946,0.7290739150330355,1
408163,Pinnacle Institute of Cosmetology,Private for-profit,Certificates,Southeast,City,Trades & Applied,1.0999999999999999,,0.4,0.3537,0.7289397923344534,1
147697,Northern Baptist Theological Seminary,Private nonprofit,Graduate,Great Lakes,Suburb,STEM,0.0,,,,0.7286290098931285,1
153241,Divine Word College,Private nonprofit,Bachelor's,Plains,Rural,Social Science & Public Service,0.0,,1.0,0.1176,0.7284766305727327,1
489247,American Beauty Academy-West Valley Campus,Private for-profit,Certificates,Rocky Mountains,Suburb,Trades & Applied,0.0,,0.6667,0.4416,0.727860519057539,1
417637,Southern Missouri Technical Institute,Public,Certificates,Plains,Town,Health,0.0,21721.0,0.8889,0.6495,0.7278308982683983,1
189501,Brooklyn Law School,Private nonprofit,Graduate,Mid East,City,STEM,0.0,,,,0.727760269656978,1
433040,Monty Tech,Public,Certificates,New England,Suburb,Health,1.0,35312.0,0.7692,0.439,0.7276405738133604,1
225876,Jacksonville College-Main Campus,Private nonprofit,Associate's,Southwest,Town,Humanities,1.7000000000000002,11674.0,0.4202,0.2357,0.7273050936717604,1
457493,Paul Mitchell the School-Twin Falls,Private for-profit,Certificates,Rocky Mountains,City,Trades & Applied,0.0,,0.5686,0.6563,0.7272336892473935,1
138497,Withlacoochee Technical College,Public,Certificates,Southeast,Suburb,Trades & Applied,0.0,,0.5044,0.3574,0.7269841466135385,1
439783,New York College of Traditional Chinese Medicine,Private nonprofit,Graduate,Mid East,Suburb,STEM,0.0,,,,0.726838857610536,1
173896,Luther Seminary,Private nonprofit,Graduate,Plains,City,STEM,0.0,,,,0.726395832767765,1
374024,Adler Graduate School,Private nonprofit,Graduate,Plains,City,STEM,0.0,,,,0.7263036218385975,1
475662,UCAS University of Cosmetology Arts & Sciences-La Joya,Private for-profit,Certificates,Southwest,Suburb,Trades & Applied,0.0,,0.5294,1.0,0.725824135242161,1
383996,Eastern New Mexico University Ruidoso Branch Community College,Public,Associate's,Southwest,Town,Humanities,0.0,4230.0,0.1538,0.1245,0.7256924603174603,1
193821,New York Law School,Private nonprofit,Graduate,Mid East,City,STEM,0.0,,,,0.7244269363236447,1
210438,University of Western States,Private nonprofit,Bachelor's,Far West,City,STEM,0.0,,,0.0,0.7239109828464443,1
219994,Tennessee College of Applied Technology-Dickson,Public,Certificates,Southeast,Rural,Trades & Applied,0.0,8332.0,0.7649,0.4009,0.7236394956576294,1
242723,Inter American University of Puerto Rico-School of Law,Private nonprofit,Graduate,Outlying Areas,City,STEM,0.0,,,,0.7236170770552328,1
443298,Trend Barber College,Private for-profit,Certificates,Southwest,City,Trades & Applied,0.0,,0.4565,0.913,0.7234043210098469,1
106883,East Arkansas Community College,Public,Certificates,Southeast,Town,Humanities,0.0,6769.0,0.4711,0.2689,0.722984688394776,1
188137,Santa Fe Community College,Public,Certificates,Southwest,Rural,Health,0.0,9215.0,0.2471,0.1448,0.7228054388422034,1
440651,Atenas College,Private nonprofit,Associate's,Outlying Areas,Suburb,Health,0.0,6544.0,,0.8119,0.7227896825396825,1
153746,La James International College-Cedar Falls,Private for-profit,Certificates,Plains,City,Trades & Applied,0.0,,1.0,0.6949,0.7222684899976568,1
208433,College of Hair Design Careers,Private for-profit,Certificates,Far West,City,Trades & Applied,0.0,,0.6316,0.4215,0.722248919813304,1
127273,Iliff School of Theology,Private nonprofit,Graduate,Rocky Mountains,City,STEM,0.0,,,,0.72204628027693,1
151865,Anabaptist Mennonite Biblical Seminary,Private nonprofit,Graduate,Great Lakes,City,STEM,0.0,,,,0.7215004993136142,1
150215,Christian Theological Seminary,Private nonprofit,Graduate,Great Lakes,City,STEM,1.7999999999999998,,,,0.721398848750007,1
490285,California Institute of Arts & Technology,Private for-profit,Certificates,Far West,City,STEM,0.0,40465.0,,0.3127,0.7213868476337904,1
237303,Charleston School of Beauty Culture,Private for-profit,Certificates,Southeast,City,Trades & Applied,0.0,,0.5,0.7222,0.7209644686117277,1
231147,Vermont Law and Graduate School,Private nonprofit,Graduate,New England,Rural,STEM,0.0,,,,0.7205503978838707,1
460145,Illinois Media School-Chicago Campus,Private for-profit,Certificates,Great Lakes,City,Trades & Applied,0.0,,0.6107,0.6154,0.7200490914302339,1
37728101,Nuvani Institute-Del Rio,Private for-profit,Not classified,Southwest,Other/Unknown,STEM,0.0,,,,0.7196961015049216,1
37728103,Nuvani Institute-South Campus,Private for-profit,Not classified,Southwest,Other/Unknown,STEM,0.0,,,,0.7196961015049216,1
221908,Northeast State Community College,Public,Associate's,Southeast,Rural,Humanities,0.0,5959.0,0.3219,0.3758,0.7194608150893034,1
175281,Mitchell Hamline School of Law,Private nonprofit,Graduate,Plains,City,STEM,0.0,,,,0.7179677265705495,1
491242,Johnny Matthew's Hairdressing Training School,Private for-profit,Certificates,Far West,City,Trades & Applied,0.0,,0.6897,0.4906,0.7172868921751727,1
454935,Evans Hairstyling College-Rexburg,Private for-profit,Certificates,Rocky Mountains,Town,Trades & Applied,0.0,,0.8,0.4,0.7169792726078481,1
150288,Concordia Theological Seminary,Private nonprofit,Graduate,Great Lakes,City,STEM,0.0,,,,0.7166671659802808,1
369419,Erwin Technical College,Public,Certificates,Southeast,City,Trades & Applied,0.0,7086.0,0.7944,0.3282,0.7165957862101454,1
382461,Academy of Hair Design-Pearl,Private for-profit,Certificates,Southeast,Suburb,Trades & Applied,0.0,,0.6667,0.7273,0.7157176103937006,1
421771,Academy of Beauty Professionals,Private for-profit,Certificates,Plains,Suburb,Trades & Applied,0.0,,0.4,0.625,0.7154325744711355,1
446288,Paul Mitchell the School-Great Lakes,Private for-profit,Certificates,Great Lakes,Suburb,Trades & Applied,0.0,,0.8571,0.4771,0.7151053442171863,1
494904,Access Careers-Islandia,Private for-profit,Certificates,Mid East,Suburb,Health,0.0,,0.717,0.0197,0.7150774886935104,1
107442,New Tyler Barber College Inc,Private for-profit,Certificates,Southeast,City,Trades & Applied,0.0,,0.2857,0.7797,0.7150005963535376,1
488396,Phipps Academy of Barbering,Private for-profit,Certificates,Great Lakes,Suburb,Trades & Applied,0.0,,0.4643,0.8986,0.7141246683894682,1
102313,H Councill Trenholm State Community College,Public,Associate's,Southeast,City,STEM,0.0,5568.0,0.1656,0.5519,0.7130085839598997,1
187639,Clovis Community College,Public,Certificates,Southwest,Town,Health,0.0,3318.0,0.4068,0.3139,0.7120514384566241,1
153542,UnityPoint Health-Des Moines School of Radiologic Technology,Private nonprofit,Certificates,Plains,City,Health,0.0,,,0.1053,0.7118548794057089,1
494755,West Virginia Junior College-United Career Institute,Private for-profit,Associate's,Mid East,Suburb,Health,0.0,23121.0,0.8571,0.75,0.7117704933954934,1
186122,Princeton Theological Seminary,Private nonprofit,Graduate,Mid East,City,STEM,0.0,,,,0.7113889275388328,1
418445,Jefferson County Dubois Area Vocational Technical Practical Nursing Program,Public,Certificates,Mid East,Rural,Health,0.0,8428.0,0.5714,0.6154,0.7109194070084874,1
192970,Memorial Hospital School of Radiation Therapy Technology,Private nonprofit,Certificates,Mid East,City,Health,0.0,,,0.0,0.7107585322290559,1
179317,Saint Paul School of Theology,Private nonprofit,Graduate,Plains,Suburb,STEM,0.0,,,,0.7106198738050451,1
493372,Urban Academy of Beauty,Private for-profit,Certificates,Southwest,Suburb,Trades & Applied,0.0,,0.5,0.4706,0.710541395339641,1
486381,Center for Ultrasound Research & Education,Private for-profit,Certificates,Mid East,City,Health,0.0,,0.7193,0.3971,0.7103467176764278,1
490498,Digital Media Institute,Private nonprofit,Certificates,Southeast,City,Humanities,0.0,11872.0,1.0,0.2745,0.7100126262626263,1
461953,Colorado Academy of Veterinary Technology,Private for-profit,Associate's,Rocky Mountains,City,STEM,0.0,25948.0,0.6471,0.475,0.7091841658341659,1
185758,New Brunswick Theological Seminary,Private nonprofit,Graduate,Mid East,City,STEM,1.2,,,,0.7089799609460559,1
210368,Western Seminary,Private nonprofit,Graduate,Far West,City,STEM,0.0,,,,0.7088607620079584,1
212230,Empire Beauty School-Lebanon,Private for-profit,Certificates,Mid East,Suburb,Trades & Applied,0.1,,0.9048,0.4727,0.7088450876636486,1
369659,Oregon College of Oriental Medicine,Private nonprofit,Graduate,Far West,City,STEM,0.0,,,,0.708057190579387,1
419253,Illinois Media School,Private for-profit,Certificates,Great Lakes,City,Trades & Applied,0.0,,0.6735,0.5978,0.7072567516408615,1
126915,Technical College of the Rockies,Public,Certificates,Rocky Mountains,Rural,Trades & Applied,0.0,3790.0,0.9623,0.2703,0.7066794871794871,1
198774,Johnston Community College,Public,Associate's,Southeast,Town,Humanities,0.0,3946.0,0.2876,0.2317,0.7065958244971403,1
487807,Top of the Line Barber College,Private for-profit,Certificates,Southeast,City,Trades & Applied,1.7999999999999998,,0.2,0.7391,0.7064193705742567,1
446224,Eastern School of Acupuncture and Traditional Medicine,Private for-profit,Certificates,Mid East,Suburb,Health,0.0,,,0.0,0.7062978927203066,1
140562,Morehouse School of Medicine,Private nonprofit,Graduate,Southeast,City,STEM,0.0,,,,0.7058833134353619,1
195580,Saint Vladimirs Orthodox Theological Seminary,Private nonprofit,Graduate,Mid East,Suburb,STEM,0.0,,,,0.7057333689882199,1
193830,New York Medical College,Private nonprofit,Graduate,Mid East,Suburb,STEM,0.0,,,,0.7057333689882199,1
442806,Edward Via College of Osteopathic Medicine,Private nonprofit,Graduate,Southeast,City,STEM,0.0,,,,0.7053964122515634,1
213491,Lansdale School of Cosmetology Inc,Private for-profit,Certificates,Mid East,Suburb,Trades & Applied,0.0,,0.5556,0.0435,0.7045296943581827,1
439446,Atlantic Institute of Oriental Medicine,Private nonprofit,Bachelor's,Southeast,City,Health,0.0,,,0.0,0.7045100897606037,1
215530,The Salon Professional Academy-Altoona,Private for-profit,Certificates,Mid East,Suburb,Trades & Applied,0.0,,0.8387,0.3571,0.7035973332223332,1
228866,Texas Chiropractic College Foundation Inc,Private nonprofit,Graduate,Southwest,City,STEM,0.0,,,,0.7026103063625438,1
490115,Nashville Film Institute,Private for-profit,Certificates,Southeast,City,Humanities,0.0,,0.5556,0.4186,0.7020069804685846,1
490197,Regan Career Institute,Private for-profit,Certificates,Far West,Suburb,Health,0.0,,1.0,0.2034,0.7018261724834306,1
216223,The Beauty Institute,Private for-profit,Certificates,Mid East,Town,Trades & Applied,0.0,,0.661,0.675,0.7006733013789901,1
494029,Lil Lou's Beauty and Barber College-Hammond,Private for-profit,Certificates,Great Lakes,Suburb,Trades & Applied,0.0,,0.3333,0.8824,0.7004524385367602,1
159948,New Orleans Baptist Theological Seminary,Private nonprofit,Certificates,Southeast,City,Social Science & Public Service,0.0,,,0.0,0.700406390162885,1
154457,Iowa School of Beauty-Sioux City,Private for-profit,Certificates,Plains,City,Trades & Applied,0.0,,0.6364,0.5156,0.7003764367498784,1
499723,Barber Tech Academy-Columbia,Private for-profit,Certificates,Southeast,City,STEM,0.0,,,0.0,0.6998146745108558,1
188289,Vogue College of Cosmetology-Santa Fe,Private for-profit,Certificates,Southwest,City,Trades & Applied,0.0,,,0.5922,0.6993459229737755,1
446598,Universal College of Healing Arts,Private for-profit,Certificates,Plains,City,Health,0.0,24310.0,1.0,0.5417,0.6983039215686275,1
431275,Herkimer County BOCES-Practical Nursing Program,Public,Certificates,Mid East,Town,Health,0.0,15867.0,0.2632,0.7963,0.6978024414311179,1
480000,Hinton Barber and Beauty College,Private for-profit,Certificates,Far West,City,Trades & Applied,0.8999999999999999,,0.4444,0.8226,0.6964974647124771,1
45133401,Academy of Hair Design - Austin,Private for-profit,Not classified,Southwest,Other/Unknown,STEM,0.0,,,,0.6960494796083,1
220792,Meharry Medical College,Private nonprofit,Graduate,Southeast,City,STEM,0.0,,,,0.695119441198984,1
406486,Myotherapy Massage College,Private for-profit,Certificates,Rocky Mountains,Suburb,Health,0.0,,0.6364,0.4205,0.6950888234927035,1
243081,Ponce Health Sciences University,Private for-profit,Graduate,Outlying Areas,City,STEM,0.0,,,,0.6947370979484198,1
147819,Oehrlein School of Cosmetology,Private for-profit,Certificates,Great Lakes,Suburb,Trades & Applied,0.0,,0.85,0.5538,0.6944289784289784,1
179812,Kansas City University,Private nonprofit,Graduate,Plains,City,STEM,0.0,,,,0.6910277700197358,1
446349,John D Rockefeller IV Career Center,Public,Certificates,Southeast,Rural,Health,0.0,6874.0,1.0,0.5833,0.6907569444444445,1
420705,Bakke Graduate University,Private nonprofit,Graduate,Southwest,City,STEM,0.0,,,,0.6897637011600479,1
460987,The Salon Professional Academy,Private for-profit,Certificates,Southeast,Rural,Trades & Applied,0.0,,0.8286,0.3228,0.689250753876708,1
455099,Urshan Graduate School of Theology,Private nonprofit,Graduate,Plains,Suburb,STEM,0.0,,,,0.6891837642314144,1
411754,Cleveland Clinic Health System-School of Diagnostic Imaging,Private nonprofit,Certificates,Great Lakes,Suburb,Health,0.0,,,0.4595,0.6891023515056638,1
239424,Nashotah House,Private nonprofit,Graduate,Great Lakes,Suburb,STEM,0.0,,,,0.6889884039939442,1
489812,Pima Medical Institute-Dillon,Private for-profit,Certificates,Rocky Mountains,Town,STEM,0.0,,0.6333,0.3506,0.6881269213103,1
164085,Maryland University of Integrative Health,Private nonprofit,Graduate,Mid East,Suburb,STEM,0.0,,,,0.6880685770295235,1
249061,Ms Roberts Academy of Beauty Culture,Private for-profit,Certificates,Great Lakes,Suburb,Trades & Applied,0.0,,0.56,0.5426,0.6877813838746721,1
150428,Don Roberts School of Hair Design,Private for-profit,Certificates,Great Lakes,Suburb,Trades & Applied,0.0,,0.8,0.4444,0.6873045704295705,1
187666,Eastern New Mexico University-Roswell Campus,Public,Certificates,Southwest,Town,Health,0.0,4171.0,0.2784,0.2656,0.6859360538412393,1
415057,Industrial Management Training Institute,Private for-profit,Certificates,New England,City,Trades & Applied,0.0,,0.759,0.1339,0.6858724830237989,1
488332,Hope College of Arts and Sciences,Private for-profit,Associate's,Southeast,City,Health,0.0,,0.0,0.2214,0.6858021129770357,1
209083,Northwest College-Beaverton,Private for-profit,Certificates,Far West,City,Trades & Applied,0.0,,0.5,0.5238,0.6850574669473842,1
490373,Western Michigan University Homer Stryker M.D. School of Medicine,Private nonprofit,Graduate,Great Lakes,City,STEM,0.0,,,,0.6845269121354233,1
488387,Claremont Lincoln University,Private nonprofit,Graduate,Far West,Suburb,STEM,0.0,,,,0.6837803270386945,1
484048,Barber Institute of Texas,Private for-profit,Certificates,Southwest,City,Trades & Applied,0.0,,0.0,0.5963,0.6832909466267841,1
447166,Empire Beauty School-Littleton,Private for-profit,Certificates,Rocky Mountains,Suburb,Trades & Applied,0.0,,0.7273,0.3548,0.6829978496228496,1
132374,Atlantic Technical College,Public,Certificates,Southeast,Suburb,Health,0.0,13018.0,0.5587,0.0618,0.6828401458949501,1
475574,Lil Lou's Beauty and Barber College,Private for-profit,Certificates,Great Lakes,Suburb,Trades & Applied,0.0,,0.0,0.7833,0.6814172102416634,1
491792,Stacey James Institute,Private for-profit,Certificates,Rocky Mountains,Suburb,Trades & Applied,0.0,,0.8088,0.1867,0.6812924112924112,1
459514,Peloton College,Private for-profit,Certificates,Southwest,City,Health,0.0,,0.881,0.7411,0.6806312446899679,1
177126,Covenant Theological Seminary,Private nonprofit,Graduate,Plains,Suburb,STEM,0.0,,,,0.6803186848663351,1
156727,Frontier Nursing University,Private nonprofit,Graduate,Southeast,Rural,STEM,0.0,,,,0.6802272954147393,1
